Model,Precision (Macro Avg),Recall (Macro Avg),F1-Score (Macro Avg),Accuracy
Original DNN,0.8060456594461827,0.7619979435768909,0.7204658838185141,0.91875
Custom DNN,0.7922626640910223,0.7750016065805538,0.76415811488025,0.91
Logistic Regression (SGD),0.8073662122425156,0.7800351841141314,0.7647773833832567,0.91875
