Model,Precision (Macro Avg),Recall (Macro Avg),F1-Score (Macro Avg),Accuracy
Original DNN,0.6944670073667942,0.7580296896086369,0.7123328862459297,0.9175
Custom DNN,0.8002313928930844,0.7917598483387958,0.7794413692740408,0.9275
Logistic Regression (SGD),0.783096722219601,0.7772574063363538,0.7628027202116534,0.9175
